{"root": {"net": 9, "io": 8, "cpu": 7, "shuffle_read_bytes": 3}, "correlation": {}, "rest": {"jsi-dell03": {"cpu": [[0.0, 0.06], [1.0, 0.0], [2.0, 0.06], [3.0, 0.0], [4.0, 0.19], [5.0, 0.63], [6.0, 0.0], [7.0, 0.0], [8.0, 8.36], [9.0, 13.94], [10.0, 17.2], [11.0, 13.11], [12.0, 13.63], [13.0, 8.53], [14.0, 10.78], [15.0, 41.35], [16.0, 22.03], [17.0, 21.06], [18.0, 30.69], [19.0, 13.12], [20.0, 8.28], [21.0, 8.08], [22.0, 9.45], [23.0, 7.39], [24.0, 28.28], [25.0, 11.79], [26.0, 15.4], [27.0, 23.24], [28.0, 5.64], [29.0, 7.08], [30.0, 19.48], [31.0, 9.4], [32.0, 9.44], [33.0, 8.08], [34.0, 8.08], [35.0, 7.96], [36.0, 7.08], [37.0, 6.44], [38.0, 7.26], [39.0, 7.89], [40.0, 6.26], [41.0, 6.52], [42.0, 10.39], [43.0, 4.64], [44.0, 0.12], [45.0, 0.0], [46.0, 1.06], [47.0, 25.57], [48.0, 15.4], [49.0, 13.53], [50.0, 15.11], [51.0, 16.15], [52.0, 8.15], [53.0, 0.06], [54.0, 2.13], [55.0, 6.89], [56.0, 12.63], [57.0, 3.58], [58.0, 0.63]], "io": [[1.0, 3.02], [2.0, 0.0], [3.0, 0.0], [4.0, 0.8], [5.0, 1.6], [6.0, 2.8], [7.0, 0.0], [8.0, 0.0], [9.0, 0.0], [10.0, 1.8], [11.0, 6.0], [12.0, 0.0], [13.0, 0.0], [14.0, 0.0], [15.0, 1.6], [16.0, 54.0], [17.0, 2.9], [18.0, 0.0], [19.0, 39.1], [20.0, 45.4], [21.0, 0.0], [22.0, 1.5], [23.0, 0.0], [24.0, 0.0], [25.0, 1.8], [26.0, 0.0], [27.0, 1.4], [28.0, 0.0], [29.0, 0.0], [30.0, 1.5], [31.0, 0.0], [32.0, 0.0], [33.0, 1.6], [34.0, 0.0], [35.0, 1.6], [36.0, 0.0], [37.0, 0.0], [38.0, 0.0], [39.0, 1.7], [40.0, 1.7], [41.0, 0.0], [42.0, 17.1], [43.0, 0.0], [44.0, 0.0], [45.0, 1.2], [46.0, 0.0], [47.0, 1.6], [48.0, 0.0], [49.0, 0.0], [50.0, 4.8], [51.0, 0.0], [52.0, 0.0], [53.0, 1.4], [54.0, 0.0], [55.0, 11.2], [56.0, 0.0], [57.0, 0.0], [58.0, 0.0], [59.0, 1.9]], "net": [[0.0, 0.011640000000000001], [1.0, 0.00846], [2.0, 0.016300000000000002], [3.0, 0.0061200000000000004], [4.0, 0.0048], [5.0, 0.0314], [6.0, 0.00966], [7.0, 0.0037199999999999998], [8.0, 0.01122], [9.0, 0.008369999999999999], [10.0, 0.00254], [11.0, 0.0141], [12.0, 0.02983], [13.0, 14.59993], [14.0, 72.08861999999999], [15.0, 0.02145], [16.0, 0.05321], [17.0, 0.01759], [18.0, 0.004730000000000001], [19.0, 0.06922], [20.0, 0.07058], [21.0, 0.06985], [22.0, 0.08891], [23.0, 0.09473], [24.0, 0.19488999999999998], [25.0, 5.75901], [26.0, 6.82078], [27.0, 5.96242], [28.0, 4.65174], [29.0, 4.32982], [30.0, 1.9891400000000001], [31.0, 0.03719], [32.0, 0.08103], [33.0, 0.056280000000000004], [34.0, 0.05756], [35.0, 0.06389], [36.0, 0.05536], [37.0, 0.031039999999999998], [38.0, 0.09054], [39.0, 0.06502000000000001], [40.0, 0.06294], [41.0, 0.03777], [42.0, 0.06756000000000001], [43.0, 0.9188299999999999], [44.0, 0.023350000000000003], [45.0, 0.0049299999999999995], [46.0, 0.00475], [47.0, 0.0442], [48.0, 0.0166], [49.0, 0.048960000000000004], [50.0, 0.00697], [51.0, 0.07454999999999999], [52.0, 0.2437], [53.0, 0.08806], [54.0, 0.00363], [55.0, 14.71068], [56.0, 5.3405], [57.0, 7.496569999999999], [58.0, 0.05938], [59.0, 0.04726999999999999]], "anomaly": [], "tasks": []}, "jsi-dell04": {"cpu": [[0.0, 0.0], [1.0, 0.0], [2.0, 0.06], [3.0, 0.0], [4.0, 0.0], [5.0, 0.31], [6.0, 0.06], [7.0, 0.0], [8.0, 2.44], [9.0, 16.54], [10.0, 16.53], [11.0, 12.7], [12.0, 11.51], [13.0, 9.72], [14.0, 9.54], [15.0, 42.45], [16.0, 17.85], [17.0, 22.78], [18.0, 35.7], [19.0, 12.22], [20.0, 8.14], [21.0, 8.57], [22.0, 7.94], [23.0, 7.76], [24.0, 17.4], [25.0, 22.87], [26.0, 18.53], [27.0, 14.81], [28.0, 13.16], [29.0, 4.19], [30.0, 9.4], [31.0, 17.52], [32.0, 10.97], [33.0, 7.31], [34.0, 8.07], [35.0, 8.44], [36.0, 7.38], [37.0, 10.06], [38.0, 7.94], [39.0, 7.06], [40.0, 7.19], [41.0, 6.63], [42.0, 5.38], [43.0, 7.79], [44.0, 0.19], [45.0, 0.0], [46.0, 0.06], [47.0, 0.0], [48.0, 0.69], [49.0, 12.52], [50.0, 30.68], [51.0, 12.95], [52.0, 19.89], [53.0, 14.45], [54.0, 4.07], [55.0, 11.45], [56.0, 6.77], [57.0, 6.2], [58.0, 0.25]], "io": [[1.0, 0.53], [2.0, 0.0], [3.0, 0.0], [4.0, 0.0], [5.0, 1.6], [6.0, 0.0], [7.0, 5.9], [8.0, 0.0], [9.0, 0.0], [10.0, 0.0], [11.0, 0.0], [12.0, 1.9], [13.0, 2.0], [14.0, 0.0], [15.0, 1.1], [16.0, 0.0], [17.0, 2.1], [18.0, 6.6], [19.0, 2.3], [20.0, 0.0], [21.0, 0.0], [22.0, 2.2], [23.0, 0.0], [24.0, 1.7], [25.0, 5.2], [26.0, 0.0], [27.0, 2.0], [28.0, 0.9], [29.0, 1.8], [30.0, 1.5], [31.0, 0.0], [32.0, 1.5], [33.0, 1.0], [34.0, 0.0], [35.0, 3.3], [36.0, 0.0], [37.0, 3.7], [38.0, 0.0], [39.0, 0.0], [40.0, 0.0], [41.0, 1.7], [42.0, 2.6], [43.0, 1.2], [44.0, 0.0], [45.0, 57.8], [46.0, 0.0], [47.0, 3.0], [48.0, 26.5], [49.0, 44.8], [50.0, 4.6], [51.0, 0.0], [52.0, 2.2], [53.0, 0.0], [54.0, 4.7], [55.0, 16.1], [56.0, 0.0], [57.0, 0.0], [58.0, 0.0], [59.0, 5.0]], "net": [[0.0, 0.04898], [1.0, 0.01862], [2.0, 0.012320000000000001], [3.0, 0.01333], [4.0, 0.0305], [5.0, 0.02189], [6.0, 0.04925], [7.0, 0.00126], [8.0, 0.00134], [9.0, 0.01557], [10.0, 0.032049999999999995], [11.0, 0.024939999999999997], [12.0, 0.02931], [13.0, 0.0494], [14.0, 77.13139], [15.0, 8.435939999999999], [16.0, 0.05845], [17.0, 0.04563999999999999], [18.0, 0.03134], [19.0, 0.05329], [20.0, 0.09462999999999999], [21.0, 0.07896], [22.0, 0.08450999999999999], [23.0, 0.09803], [24.0, 0.1], [25.0, 1.48152], [26.0, 7.516120000000001], [27.0, 6.58687], [28.0, 4.65375], [29.0, 2.46296], [30.0, 4.00024], [31.0, 1.76897], [32.0, 0.07478], [33.0, 0.05797], [34.0, 0.05244], [35.0, 0.06558], [36.0, 0.03882], [37.0, 0.09722], [38.0, 0.036969999999999996], [39.0, 0.07901999999999999], [40.0, 0.06149], [41.0, 0.04382], [42.0, 0.09908], [43.0, 0.26738], [44.0, 0.44465], [45.0, 0.03514], [46.0, 0.03503], [47.0, 0.005849999999999999], [48.0, 0.02166], [49.0, 0.0628], [50.0, 0.009], [51.0, 0.01458], [52.0, 0.033280000000000004], [53.0, 0.10266], [54.0, 0.19501], [55.0, 0.029], [56.0, 17.580379999999998], [57.0, 8.59915], [58.0, 0.045849999999999995], [59.0, 0.059480000000000005]], "anomaly": [], "tasks": []}}}